Barcode Sequence,Name,RefSeq Gene Name
AGTCAAGACCCTCGGGCTCTGTGG,TFORF0001 ,HIF3A
CAATTACACCACGTCTGCCTACTA,TFORF0002 ,HIF3A
TTCAGACGTTTCGCGCCTGGAGCT,TFORF0003,HIF3A
GATAACGCTAACCACAAGGTATTT,TFORF0004 ,HIF3A
CCACGCGAGCTAGACGATCGATGA,TFORF0005,HIF3A
TAACACAGTGCGGCGCTCCCGCGT,TFORF0006,TULP4
GCTCATGTGAGCAAACGTGGTTTG,TFORF0007 ,TULP4
TACCACGTGTGCAGGATCCGCGGG,TFORF0008,ZNF709
TCGCCTCGCGCACTTGGCCCGATC,TFORF0009,ZNF708
CACTAGGCTTGTCATTTATACAGC,TFORF0010,ZNF879
ACGCAACCCTCTCAACAGTAAGGT,TFORF0011 ,ZNF878
AAAGATAAGTCTACCATTGCTCCT,TFORF0012,ZNF700
TCAAGCGATGCCGACGAATCATGC,TFORF0013,ZNF700
GAGCGTAATAATGGTACAACTCGT,TFORF0014 ,ZNF707
CTGTGTGGCTTTCATGCCTACAGC,TFORF0015 ,DRAP1
TTGTGTTACACTAAGCCAGTGATG,TFORF0016 ,IRX5
ATCCCGACCGCCCGGATCGTCCGG,TFORF0017,IRX5
TAGCTGCTGAACATATGACACCAG,TFORF0018 ,IRX4
CTTACGAGAACGGCTATAGTATTT,TFORF0019 ,IRX4
CCGTCAGAATCCTACGGTTACAGC,TFORF0020 ,IRX6
TGGTTTCCGGACTGTCGCTAACTG,TFORF0021 ,IRX1
CCCGAATTACTACCGTAAGAGTGG,TFORF0022 ,IRX3
CTATTGAAGCAGGCAATAGCTCTT,TFORF0023 ,IRX2
AAGAGTATTCATTGCAGCAAGCAG,TFORF0024,FOXQ1
ACCCGACACGACGCGGGCATTCAC,TFORF0025 ,DHX9
